,代號,名稱,股東權益(億),每股淨值(元)
1,3008,大立光,1425.0,1067.53
2,2357,華碩,2464.0,312.79
3,2454,聯發科,4336.0,271.52
4,6415,矽力-KY,242,251.53
5,5269,祥碩,163,235.24
6,6510,精測,76.7,233.81
7,4966,譜瑞-KY,172,213.51
8,2474,可成,1514.0,204.55
9,8299,群聯,373,189.31
10,6121,新普,378,178.87
11,1590,亞德客-KY,352,175.72
12,2327,國巨,796,161.44
13,3533,嘉澤,181,159.11
14,6669,緯穎,274,156.54
15,2915,潤泰全,1100.0,153.3
16,3406,玉晶光,171,152.44
17,3661,世芯-KY,103,146.39
18,2247,汎德永業,117,145.12
19,2207,和泰車,945,135.07
20,6271,同欣電,239,133.95
21,3034,聯詠,809,132.96
22,3592,瑞鼎,90.3,132.32
23,2059,川湖,126,132.25
24,3293,鈊象,89.7,127.17
25,4766,南寶,163,126.71
26,1315,達新,116,120.85
27,6781,AES-KY,103,120.82
28,1565,精華,59.7,118.44
29,3665,貿聯-KY,152,110.03
30,3131,弘塑,31.6,109.63
31,1256,鮮活果汁-KY,40.2,107.63
32,6414,樺漢,314,106.81
33,6732,昇佳電子,51.6,105.45
34,6488,環球晶,456,104.84
35,5274,信驊,35.5,103.18
36,2317,鴻海,15733.0,99.59
37,5536,聖暉,73,98.52
38,8016,矽創,152,98.12
39,3611,鼎翰,40.9,96.24
40,6456,GIS-KY,323,94.63
41,6533,晶心科,47.7,94.2
42,4905,台聯電,28.2,93.98
43,2239,英利-KY,151,92.39
44,2492,華新科,535,91.56
45,6462,神盾,63.3,91.24
46,4958,臻鼎-KY,1135.0,89.28
47,2049,上銀,305,88.85
48,2729,瓦城,19.9,87.03
49,3673,TPK-KY,354,86.64
50,6515,穎崴,29.3,86.38
51,6605,帝寶,146,85.25
52,4961,天鈺,174,85.11
53,3413,京鼎,75.2,84.82
54,3691,碩禾,70.1,84.46
55,2330,台積電,21707.0,83.62
56,3105,穩懋,371,82.41
57,1558,伸興,49.8,81.08
58,3376,新日興,155,80.66
59,4439,冠星-KY,24.9,79.56
60,4736,泰博,76.3,79.52
61,1589,永冠-KY,88.3,78.73
62,2354,鴻準,1110.0,78.58
63,6803,崑鼎,59,78.51
64,6491,晶碩,55.1,78.37
65,1476,儒鴻,211,77.08
66,2204,中華,463,77.08
67,6613,朋億,30,76.93
68,3714,富采,546,76.7
69,2379,瑞昱,390,76.26
70,1338,廣華-KY,66,75.72
71,3679,新至陞,47,75
72,9921,巨大,297,73.26
73,6269,台郡,257,73.11
74,1264,德麥,33.7,73.06
75,3044,健鼎,383,72.89
76,6176,瑞儀,337,72.38
77,5289,宜鼎,60.3,72.11
78,3227,原相,102,71.23
79,2881,富邦金,9838.0,70.84
80,8081,致新,68.4,70.8
81,2636,台驊投控,102,70.68
82,2362,藍天,413,70.59
83,4770,上品,55.4,70.49
84,3015,全漢,134,69.87
85,6582,申豐,73.6,69.35
86,8436,大江,92.4,68.95
87,3548,兆利,41.3,68.69
88,6683,雍智科技,18.6,68.69
89,5871,中租-KY,1165.0,68.5
90,8255,朋程,64.5,67.55
91,2609,陽明,2343.0,66.92
92,1326,台化,4440.0,66.84
93,4438,廣越,83.9,66.66
94,6691,洋基工程,45.2,66.52
95,3010,華立,177,66.51
96,2548,華固,185,66.43
97,6409,旭隼,57.1,65.29
98,6239,力成,633,65.25
99,3558,神準,33.8,65
100,2383,台光電,217,64.97
101,8499,鼎炫-KY,36,64.61
102,6223,旺矽,60.5,64.19
103,2308,台達電,1999.0,64.14
104,8279,生展,17.3,63.98
105,1259,安心,20.9,63.79
106,3563,牧德,29.6,63.76
107,2428,興勤,82.8,63.68
108,3189,景碩,324,63.6
109,1301,台塑,4032.0,63.34
110,2227,裕日車,190,63.34
111,4551,智伸科,72.8,63.18
112,3545,敦泰,136,63.01
113,4137,麗豐-KY,49.9,62.81
114,2375,凱美,85.3,62.75
115,8046,南電,405,62.64
116,3026,禾伸堂,101,62.43
117,4938,和碩,1943.0,62.42
118,5534,長虹,183,62.35
119,4536,拓凱,59.9,62.27
120,3527,聚積,27.5,61.84
121,2603,長榮,3573.0,61.76
122,4746,台耀,76,61.5
123,6768,志強-KY,121,61.5
124,6464,台數科,82.2,61.4
125,2882,國泰金,9140.0,61.35
126,2723,美食-KY,109,61.06
127,3711,日月光投控,2746.0,60.73
128,1707,葡萄王,104,60.68
129,3515,華擎,79.9,60.62
130,1525,江申,44.4,60.48
131,6278,台表科,177,60.44
132,8464,億豐,179,59.72
133,6670,復盛應用,85.7,59.6
134,9914,美利達,186,59.39
135,2615,萬海,1446.0,59.13
136,2376,技嘉,375,59.04
137,6451,訊芯-KY,65.3,58.99
138,5434,崇越,110,58.93
139,4935,茂林-KY,76.2,58.74
140,3708,上緯投控,65.6,58.54
141,3596,智易,129,58.46
142,3388,崇越電,44.6,58.19
143,8091,翔名,25.9,58.13
144,3653,健策,80.1,57.87
145,3036,文曄,539,57.65
146,3357,臺慶科,59.4,57.57
147,1788,杏昌,23,57.56
148,6147,頎邦,423,57.26
149,3551,世禾,32.4,57.05
150,1726,永記,92.2,56.9
151,5522,遠雄,444,56.76
152,1477,聚陽,138,56.7
153,6499,益安,41.9,56.56
154,4942,嘉彰,79.7,55.96
155,2408,南亞科,1730.0,55.85
156,5371,中光電,240,55.78
157,2377,微星,471,55.73
158,6213,聯茂,213,55.66
159,9945,潤泰新,1231.0,55.66
160,2211,長榮鋼,263,55.64
161,3152,璟德,38.3,55.44
162,5283,禾聯碩,40.4,55.4
163,3324,雙鴻,49.1,55.09
164,6706,惠特,40.2,55.04
165,4104,佳醫,97.5,54.82
166,8437,大地-KY,26.2,54.65
167,2250,IKKA-KY,14.7,54.62
168,6214,精誠,138,54.45
169,5904,寶雅,54.9,54.42
170,6230,尼得科超眾,46.7,54.07
171,3532,台勝科,209,53.77
172,5469,瀚宇博,400,53.74
173,1722,台肥,526,53.7
174,1595,川寶,25.2,53.65
175,5478,智冠,76.8,53.58
176,6150,撼訊,26,53.54
177,6192,巨路,57,53.3
178,2637,慧洋-KY,397,53.22
179,8213,志超,146,53.12
180,8422,可寧衛,61,53.09
181,2201,裕隆,707,53.05
182,6579,研揚,83.9,52.95
183,3680,家登,45.3,52.85
184,2612,中航,104,52.72
185,8454,富邦媒,96.9,52.72
186,3587,閎康,32.8,52.34
187,3211,順達,78.3,52.3
188,1303,南亞,4287.0,52.21
189,6261,久元,68.8,52.08
190,5306,桂盟,65.4,51.92
191,2233,宇隆,31.4,51.69
192,5215,科嘉-KY,33.6,51.67
193,2439,美律,117,51.21
194,5288,豐祥-KY,33.7,50.94
195,1503,士電,270,50.77
196,6762,達亞,10.9,50.67
197,6643,M31,15.8,50.44
198,2404,漢唐,97.7,50.41
199,3501,維熹,59.5,50.3
200,3006,晶豪科,136,50.12
201,2228,劍麟,38,50.09
202,6279,胡連,50,50.02
203,6679,鈺太,21.3,49.78
204,5263,智崴,30.3,49.73
205,8044,網家,76.5,49.57
206,3617,碩天,40.1,49.32
207,5530,龍巖,224,49.27
208,4912,聯德控股-KY,31,49.23
209,6568,宏觀,14.9,48.97
210,6747,亨泰光,11.9,48.96
211,2412,中華電,3913.0,48.9
212,3023,信邦,123,48.87
213,5483,中美晶,522,48.68
214,9802,鈺齊-KY,90.4,48.64
215,2850,新產,153,48.29
216,6504,南六,34.9,48.06
217,2392,正崴,325,48.03
218,6438,迅得,33.3,48.03
219,4572,駐龍,17.2,48.02
220,1580,新麥,24.2,47.84
221,3130,一零四,15.8,47.39
222,9904,寶成,2075.0,47.32
223,1268,漢來美食,20,47.29
224,6591,動力-KY,15.2,47.14
225,3081,聯亞,43,47.1
226,6756,威鋒電子,32,47
227,4999,鑫禾,34.9,46.91
228,9941,裕融,255,46.89
229,6561,是方,33.2,46.83
230,9939,宏全,142,46.77
231,4552,力達-KY,54,46.58
232,1339,昭輝,35.5,46.45
233,2451,創見,198,46.23
234,1537,廣隆,37.9,46.14
235,3260,威剛,127,46.12
236,8942,森鉅,82.5,46.06
237,6472,保瑞,31.5,46.04
238,5287,數字,19.8,46
239,8480,泰昇-KY,18,45.95
240,1583,程泰,65.7,45.74
241,1777,生泰,18.3,45.73
242,1582,信錦,59.8,45.72
243,6703,軒郁,9.52,45.6
244,4571,鈞興-KY,24.3,45.54
245,3022,威強電,80.4,45.51
246,1906,寶隆,68.7,45.47
247,3037,欣興,723,45.42
248,2395,研華,357,45.41
249,2753,八方雲集,30.3,45.31
250,1234,黑松,181,45.15
251,8416,實威,12.7,45.14
252,6146,耕興,46.2,44.81
253,6538,倉和,16.7,44.8
254,3552,同致,38.3,44.73
255,4739,康普,54.7,44.7
256,6411,晶焱,42.4,44.66
257,3570,大塚,7.58,44.27
258,1102,亞泥,1803.0,44.26
259,6592,和潤企業,255,44.18
260,8924,大田,37,44.12
261,2478,大毅,64.4,44.1
262,5236,凌陽創新,25.8,44.1
263,5312,寶島科,26.5,44.08
264,2360,致茂,189,44.07
265,2524,京城,164,44.02
266,3693,營邦,16.9,44.01
267,3706,神達,526,43.98
268,5223,安力-KY,19.5,43.81
269,2459,敦吉,50,43.71
270,6274,台燿,117,43.64
271,3443,創意,58.3,43.49
272,3217,優群,39,43.3
273,3019,亞光,159,43.23
274,4580,捷流閥業,16.9,43.23
275,6435,大中,14.4,43.17
276,2385,群光,360,43.02
277,6285,啟碁,170,42.88
278,4138,曜亞,14.7,42.8
279,3526,凡甲,25,42.69
280,6672,騰輝電子-KY,30.5,42.69
281,6023,元大期,123,42.59
282,6405,悅城,27.9,42.47
283,2316,楠梓電,76.8,42.33
284,1504,東元,957,42.3
285,1795,美時,111,42.21
286,8240,華宏,42.6,42.09
287,2387,精元,90.7,41.86
288,2382,廣達,1681.0,41.81
289,2809,京城銀,468,41.77
290,5356,協益,44.1,41.7
291,2393,億光,188,41.68
292,6416,瑞祺電通,32.3,41.64
293,2496,卓越,7.9,41.56
294,9951,皇田,31.1,41.5
295,5474,聰泰,16.4,41.28
296,3042,晶技,128,41.19
297,4755,三福化,41.8,41.16
298,3483,力致,32,41.15
299,5907,大洋-KY,80.4,41.11
300,6719,力智,29,41.05
301,3605,宏致,55.3,41.01
302,2348,海悅,62.4,40.9
303,8410,森田,14.9,40.79
304,4555,氣立,28.2,40.77
305,4991,環宇-KY,45,40.76
306,6641,基士德-KY,14.8,40.6
307,2006,東和鋼鐵,297,40.46
308,4107,邦特,28,40.45
309,5511,德昌,46.8,40.44
310,3455,由田,24.2,40.39
311,8086,宏捷科,79.3,40.38
312,2114,鑫永銓,31.5,40.33
313,6788,華景電,14,40.32
314,6485,點序,17.3,40.26
315,6806,森崴能源,61.8,40.17
316,3289,宜特,33.2,40.14
317,5299,杰力,14.3,40.01
318,4163,鐿鈦,19.3,39.89
319,6138,茂達,36,39.89
320,6196,帆宣,78,39.8
321,4971,IET-KY,14.5,39.78
322,3252,海灣,20.1,39.7
323,8473,山林水,73.6,39.69
324,4557,永新-KY,17.7,39.58
325,4416,三圓,22.6,39.55
326,2527,宏璟,107,39.38
327,6728,上洋,9.04,39.29
328,8155,博智,19.5,39.28
329,6284,佳邦,55,39.27
330,6277,宏正,47.4,39.19
331,8938,明安,56.5,39.09
332,6761,穩得,9.33,39.03
333,6556,勝品,11.3,39.01
334,3583,辛耘,31.3,38.95
335,4927,泰鼎-KY,74.3,38.94
336,2947,振宇五金,7.49,38.88
337,3014,聯陽,62.6,38.87
338,2732,六角,20.9,38.83
339,2540,愛山林,62.6,38.79
340,4933,友輝,31,38.79
341,1103,嘉泥,259,38.74
342,2616,山隆,54.6,38.67
343,9942,茂順,32.3,38.66
344,2441,超豐,220,38.62
345,1402,遠東新,2694.0,38.5
346,2355,敬鵬,153,38.42
347,2936,客思達-KY,29.2,38.39
348,8039,台虹,81.9,38.39
349,1312,國喬,392,38.35
350,8083,瑞穎,13.4,38.22
351,3529,力旺,28.8,38.2
352,2347,聯強,659,38.14
353,5546,永固-KY,32.3,38.08
354,3689,湧德,29.6,38.07
355,2707,晶華,51.6,38.06
356,2752,豆府,8.88,38.01
357,6690,安碁資訊,6.44,37.89
358,2545,皇翔,124,37.82
359,4164,承業醫,63.1,37.78
360,3317,尼克森,23.1,37.77
361,8114,振樺電,44.7,37.76
362,2458,義隆,110,37.75
363,8488,吉源-KY,25.4,37.69
364,3498,陽程,23.1,37.63
365,2727,王品,33.7,37.62
366,6505,台塑化,3618.0,37.52
367,1451,年興,74.3,37.5
368,4123,晟德,211,37.5
369,4190,佐登-KY,22.8,37.5
370,2617,台航,156,37.47
371,3702,大聯大,712,37.47
372,5284,jpp-KY,16.6,37.45
373,1762,中化生,28.9,37.31
374,4919,新唐,156,37.28
375,4126,太醫,27.1,37.27
376,4953,緯軟,24.6,37.26
377,6173,信昌電,63.7,37.24
378,8466,美吉吉-KY,24.8,37.04
379,2643,捷迅,11.1,37.03
380,1434,福懋,622,37
381,6494,九齊,11.7,36.95
382,2472,立隆電,89.6,36.84
383,6684,安格,8.99,36.84
384,4974,亞泰,26.7,36.79
385,4568,科際精密,11.1,36.75
386,1702,南僑,118,36.71
387,1603,華電,58.3,36.59
388,1319,東陽,223,36.58
389,1773,勝一,73.1,36.53
390,4743,合一,141,36.53
391,6640,均華,10.1,36.5
392,6664,群翊,20.1,36.47
393,3213,茂訊,21.4,36.23
394,8103,瀚荃,28.6,36.2
395,3311,閎暉,24.6,36.12
396,9938,百和,136,36.11
397,2597,潤弘,82.1,36.1
398,6727,亞泰金屬,7.73,36.08
399,8032,光菱,18.7,35.95
400,5203,訊連,28.3,35.91
401,7556,意德士,7.91,35.91
402,3265,台星科,48.9,35.9
403,1235,興泰,36.1,35.79
404,4973,廣穎,22.6,35.65
405,1560,中砂,54.1,35.63
406,9927,泰銘,59.8,35.51
407,5243,乙盛-KY,59.8,35.46
408,3530,晶相光,27.3,35.4
409,4430,耀億,19.9,35.32
410,4977,眾達-KY,24.6,35.3
411,5876,上海商銀,2092.0,35.3
412,2536,宏普,117,35.2
413,6457,紘康,11.2,35.2
414,3003,健和興,55.1,35.16
415,8163,達方,127,35.15
416,3017,奇鋐,141,35.13
417,2066,世德,13.3,34.91
418,2107,厚生,119,34.87
419,3454,晶睿,30.7,34.87
420,4119,旭富,33.2,34.81
421,2015,豐興,202,34.72
422,6589,台康生技,104,34.72
423,2235,謚源,12.4,34.69
424,4566,時碩工業,24.8,34.64
425,8349,恒耀,47.9,34.62
426,4549,桓達,15.3,34.58
427,1325,恆大,30.5,34.57
428,4540,全球傳動,32.6,34.57
429,3622,洋華,52.8,34.56
430,6139,亞翔,114,34.56
431,1240,茂生農經,13.8,34.51
432,2104,國際中橡,352,34.5
433,8429,金麗-KY,64,34.42
434,8210,勤誠,41.8,34.41
435,8478,東哥遊艇,30.3,34.41
436,5520,力泰,21.7,34.31
437,5493,三聯,24.1,34.21
438,4737,華廣,20.8,34.16
439,2363,矽統,233,34.1
440,3272,東碩,18.5,34.09
441,6523,達爾膚,15.3,34.07
442,6581,鋼聯,37.9,34.05
443,2351,順德,65.3,33.97
444,1532,勤美,167,33.96
445,2373,震旦行,89.3,33.95
446,2031,新光鋼,116,33.91
447,4120,友華,34.5,33.91
448,6569,醫揚,10.3,33.9
449,6191,精成科,164,33.87
450,6807,峰源-KY,15.2,33.84
451,6552,易華電,28,33.78
452,6666,羅麗芬-KY,16,33.76
453,6716,應廣,8.28,33.76
454,2481,強茂,131,33.75
455,3305,昇貿,44.4,33.63
456,3004,豐達科,17.7,33.54
457,8150,南茂,244,33.53
458,1419,新紡,100,33.46
459,3306,鼎天,16.9,33.44
460,8104,錸寶,22.9,33.43
461,4987,科誠,9.68,33.42
462,6426,統新,12.9,33.41
463,1437,勤益控,67.9,33.39
464,1232,大統益,54.5,33.37
465,4175,杏一,11.8,33.33
466,6792,詠業,15.9,33.26
467,3479,安勤,26.1,33.2
468,6763,綠界科技,4.92,33.19
469,4745,合富-KY,35.3,33.16
470,3141,晶宏,24.8,33.14
471,8916,光隆,49.8,33.14
472,2546,根基,35.1,33.11
473,6224,聚鼎,33.6,33.11
474,8054,安國,35.7,33.1
475,3628,盈正,15,33.06
476,2498,宏達電,272,33.02
477,6257,矽格,173,32.98
478,3438,類比科,15.5,32.96
479,8182,加高,35.3,32.94
480,3088,艾訊,29.7,32.92
481,3484,崧騰,23.3,32.92
482,2108,南帝,168,32.91
483,2912,統一超,428,32.86
484,2062,橋椿,65.4,32.69
485,5388,中磊,82.4,32.68
486,8021,尖點,52.2,32.68
487,1340,勝悅-KY,49.9,32.63
488,3035,智原,84.9,32.62
489,8411,福貞-KY,58.7,32.59
490,2704,國賓,119,32.54
491,1903,士紙,84.6,32.52
492,5538,東明-KY,65.4,32.41
493,1101,台泥,2257.0,32.37
494,2520,冠德,200,32.37
495,3543,州巧,30.3,32.34
496,6203,海韻電,25.8,32.31
497,6531,愛普*,47.9,32.31
498,6187,萬潤,26.3,32.3
499,3615,安可,23.8,32.17
500,8367,建新國際,33.8,32.12
501,9924,福興,61.1,32.12
502,8043,蜜望實,25.4,32.06
503,3491,昇達科,23.8,32.05
504,3669,圓展,29.7,32
505,6525,捷敏-KY,41.3,32
506,1593,祺驊,11.3,31.9
507,1737,臺鹽,65.1,31.81
508,1723,中碳,76.2,31.67
509,5609,中菲行,44.3,31.66
510,1598,岱宇,43.7,31.64
511,3059,華晶科,93.9,31.62
512,6654,天正國際,11.7,31.59
513,9958,世紀鋼,101,31.59
514,4906,正文,119,31.54
515,3416,融程電,22.9,31.53
516,1530,亞崴,31.6,31.44
517,1436,華友聯,30.2,31.43
518,2301,光寶科,722,31.35
519,3323,加百裕,25.1,31.21
520,3588,通嘉,16.5,31.17
521,2430,燦坤,51.8,31.14
522,4915,致伸,164,31.14
523,3264,欣銓,147,31.11
524,4148,全宇生技-KY,23.8,31.08
525,6206,飛捷,47.4,30.98
526,4576,大銀微系統,38.5,30.92
527,4129,聯合,28.2,30.9
528,1605,華新,1079.0,30.86
529,6417,韋僑,13,30.86
530,1536,和大,87.4,30.85
531,1907,永豐餘,658,30.84
532,8069,元太,357,30.84
533,2029,盛餘,99.8,30.83
534,4420,光明,12.5,30.83
535,5392,能率,74,30.82
536,6180,橘子,58.5,30.82
537,3712,永崴投控,120,30.77
538,1527,鑽全,42.6,30.76
539,6588,東典光電,8.2,30.7
540,6712,長聖,19,30.7
541,5016,松和,15.3,30.62
542,4535,至興,25.9,30.61
543,2606,裕民,259,30.6
544,3675,德微,13.6,30.58
545,6609,瀧澤科,22.1,30.55
546,3005,神基,200,30.49
547,6754,匯僑設計,20,30.35
548,8383,千附,39.9,30.35
549,1215,卜蜂,85.9,30.33
550,2542,興富發,457,30.31
551,6188,廣明,87.5,30.31
552,2923,鼎固-KY,527,30.24
553,9944,新麗,32.8,30.24
554,3546,宇峻,14.6,30.23
555,5285,界霖,30.8,30.15
556,6245,立端,35.2,30.12
557,6527,明達醫,7.19,30.12
558,8424,惠普,10.8,30.08
559,1321,大洋,66.3,30.03
560,8482,商億-KY,33,29.99
561,5234,達興材料,30.7,29.86
562,3703,欣陸,278,29.85
563,2115,六暉-KY,29.6,29.76
564,6715,嘉基,18.3,29.71
565,6024,群益期,62.7,29.69
566,8446,華研,15.7,29.69
567,8472,夠麻吉,5.24,29.57
568,1104,環泥,194,29.43
569,6205,詮欣,23.3,29.39
570,6651,全宇昕,9.66,29.31
571,4417,金洲,28.7,29.28
572,2433,互盛電,48.8,29.25
573,6615,慧智,6.24,29.22
574,6290,良維,44.7,29.2
575,5533,皇鼎,83.3,29.19
576,5222,全訊,19.8,29.18
577,8271,宇瞻,29.7,29.17
578,8467,波力-KY,14.5,29.16
579,8050,廣積,58.2,29.15
580,8433,弘帆,15.1,29.06
581,2755,揚秦,5.79,28.94
582,2231,為升,46.6,28.92
583,6294,智基,7.14,28.92
584,6194,育富,17.3,28.88
585,2065,世豐,15.7,28.86
586,3332,幸康,13.9,28.84
587,3481,群創,3048.0,28.82
588,2642,宅配通,27.5,28.81
589,2816,旺旺保,64.4,28.81
590,3218,大學光,23.3,28.75
591,3093,港建,10.4,28.71
592,6449,鈺邦,25.5,28.69
593,5278,尚凡,4.37,28.67
594,4972,湯石照明,11.1,28.63
595,6508,惠光,24.5,28.63
596,8341,日友,32.9,28.58
597,3504,揚明光,32.7,28.56
598,3167,大量,22.8,28.54
599,2534,宏盛,135,28.46
600,6752,叡揚,8.2,28.44
601,6574,霈方,6.3,28.41
602,3531,先益,17.6,28.4
603,5903,全家,70,28.4
604,8042,金山電,37.4,28.39
605,2514,龍邦,103,28.38
606,3557,嘉威,22.8,28.35
607,8249,菱光,39.7,28.35
608,3138,耀登,13.8,28.34
609,6412,群電,111,28.34
610,1597,直得,22.9,28.31
611,4764,雙鍵,22.9,28.28
612,4747,強生,8.48,28.26
613,6804,明係,7.74,28.24
614,2945,三商家購,19.1,28.23
615,8432,東生華,10.8,28.22
616,1229,聯華,564,28.19
617,5425,台半,92.3,28.12
618,2832,台產,102,28.11
619,6751,智聯服務,3.66,28.1
620,8442,威宏-KY,16.8,28.07
621,2851,中再保,166,28.04
622,1736,喬山,93.8,28.02
623,4528,江興鍛,21.4,27.98
624,2449,京元電子,349,27.96
625,3528,安馳,18.5,27.92
626,6642,富致,10.4,27.91
627,9925,新保,118,27.91
628,2345,智邦,156,27.89
629,6577,勁豐,10.7,27.89
630,6671,三能-KY,17,27.85
631,4722,國精化,27.8,27.83
632,8131,福懋科,123,27.82
633,2476,鉅祥,58.2,27.78
634,2027,大成鋼,544,27.72
635,3450,聯鈞,60.6,27.71
636,2754,亞洲藏壽司,12.7,27.7
637,6114,久威,12.1,27.66
638,5508,永信建,60,27.58
639,4930,燦星網,62.2,27.54
640,8403,盛弘,38.8,27.54
641,2640,大車隊,17.6,27.51
642,4760,勤凱,8.33,27.5
643,5245,智晶,11.8,27.48
644,4162,智擎,39.4,27.43
645,4433,興采,24.8,27.43
646,8072,陞泰,22.8,27.4
647,3231,緯創,925,27.39
648,6184,大豐電,40.6,27.39
649,6281,全國電,27.2,27.38
650,2705,六福,52.3,27.32
651,6469,大樹,19.5,27.32
652,5225,東科-KY,16.6,27.27
653,6195,詩肯,13.7,27.25
654,6560,欣普羅,5.63,27.22
655,6486,互動,10.7,27.2
656,4968,立積,24.1,27.19
657,2313,華通,324,27.16
658,8261,富鼎,22.1,27.12
659,1730,花仙子,18.1,27.04
660,6202,盛群,61.6,26.99
661,6153,嘉聯益,150,26.98
662,4741,泓瀚,9.09,26.96
663,8481,政伸,18,26.95
664,1569,濱川,33.5,26.93
665,3147,大綜,10.5,26.93
666,2337,旺宏,498,26.86
667,4543,萬在,15.1,26.86
668,6496,科懋,12.3,26.83
669,1599,宏佳騰,19.6,26.82
670,6227,茂綸,20.4,26.75
671,4506,崇友,47.3,26.74
672,4767,誠泰科技,8.4,26.71
673,2397,友通,55,26.7
674,5604,中連,29.1,26.7
675,2359,所羅門,49.8,26.67
676,6217,中探針,18.5,26.59
677,8109,博大,20.3,26.57
678,4763,材料-KY,16.4,26.56
679,8941,關中,8.9,26.56
680,3169,亞信,16.5,26.55
681,6201,亞弘電,23.7,26.55
682,6668,中揚光,21.4,26.53
683,2535,達欣工,88.3,26.51
684,9917,中保科,120,26.33
685,5403,中菲,20.7,26.27
686,3040,遠見,16.5,26.23
687,6442,光聖,17.4,26.21
688,6829,千附精密,14.1,26.15
689,6136,富爾特,30.4,26.13
690,8112,至上,121,26.11
691,1535,中宇,32.3,26.1
692,1701,中化,77.9,26.09
693,1308,亞聚,155,26.04
694,6667,信紘科,10.4,26.03
695,5607,遠雄港,73.8,26.01
696,4128,中天,138,25.95
697,4581,光隆精密-KY,8.8,25.94
698,6143,振曜,23.8,25.93
699,2013,中鋼構,51.8,25.92
700,2607,榮運,277,25.9
701,4735,豪展,9.52,25.89
702,2488,漢平,20.9,25.88
703,6432,今展科,7.9,25.83
704,3030,德律,61,25.81
705,5471,松翰,43.3,25.8
706,2069,運錩,42.6,25.78
707,1323,永裕,27.3,25.76
708,6234,高僑,25.8,25.7
709,6128,上福,32.7,25.67
710,6115,鎰勝,48.5,25.66
711,2324,仁寶,1215.0,25.56
712,3516,亞帝歐,13,25.49
713,3624,光頡,30,25.48
714,6212,理銘,26,25.46
715,4909,新復興,23.8,25.45
716,2388,威盛,141,25.42
717,6111,大宇資,21.4,25.41
718,6655,科定,17.8,25.41
719,5209,新鼎,6.97,25.31
720,1341,富林-KY,12.7,25.25
721,2929,淘帝-KY,27.5,25.23
722,4171,瑞基,10.9,25.12
723,3426,台興,6.63,25.1
724,2484,希華,40,25.08
725,5439,高技,23.3,25.08
726,3090,日電貿,48.8,25.05
727,2236,百達-KY,12.3,25.03
728,3465,進泰電子,8.09,25.03
729,2852,第一保,75.3,24.99
730,1210,大成,277,24.96
731,2105,正新,815,24.96
732,2702,華園,27.6,24.96
733,1533,車王電,28.9,24.91
734,6210,慶生,8.73,24.91
735,5230,雷笛克光學,11.7,24.87
736,4116,明基醫,16.3,24.8
737,3028,增你強,52.9,24.75
738,1612,宏泰,78.2,24.73
739,6197,佳必琪,31,24.72
740,1817,凱撒衛,18,24.69
741,3373,熱映,10.7,24.67
742,4560,強信-KY,16.8,24.67
743,3346,麗清,23.8,24.66
744,1439,中和,22.7,24.64
745,2605,新興,159,24.64
746,3310,佳穎,12.4,24.61
747,1904,正隆,284,24.59
748,9911,櫻花,54.4,24.59
749,5487,通泰,5.89,24.58
750,3705,永信,67.9,24.55
751,2480,敦陽科,26.1,24.5
752,4564,元翎,44.7,24.48
753,9905,大華,77.4,24.46
754,3078,僑威,55.6,24.44
755,5013,強新,42.8,24.42
756,8358,金居,61.7,24.42
757,1513,中興電,116,24.39
758,4173,久裕,18.2,24.38
759,8354,冠好,19.1,24.32
760,3666,光耀,13.7,24.31
761,1720,生達,68,24.3
762,2505,國揚,92.6,24.29
763,6237,驊訊,18.8,24.27
764,1708,東鹼,60.3,24.23
765,2409,友達,2380.0,24.22
766,2303,聯電,3023.0,24.19
767,2886,兆豐金,3284.0,24.15
768,5291,邑昇,9.47,24.14
769,9908,大台北,134,24.14
770,6477,安集,27.6,24.12
771,3163,波若威,18.1,24.1
772,2613,中櫃,32.8,23.99
773,6189,豐藝,50.1,23.99
774,8435,鉅邁,7.6,23.96
775,2328,廣宇,141,23.94
776,8027,鈦昇,24.3,23.92
777,3432,台端,15.9,23.91
778,9943,好樂迪,35.4,23.91
779,1725,元禎,43.3,23.84
780,2338,光罩,48.7,23.82
781,2070,精湛,8.51,23.79
782,1304,台聚,556,23.75
783,6441,廣錠,12.8,23.74
784,6263,普萊德,14.8,23.73
785,6516,勤崴國際,9.98,23.73
786,6674,鋐寶科技,16.2,23.73
787,4541,晟田,16,23.7
788,3687,歐買尬,15.1,23.64
789,6629,泰金-KY,8.42,23.61
790,8342,益張,8.2,23.61
791,2736,富野,11.6,23.58
792,4967,十銓,23.5,23.49
793,2608,嘉里大榮,115,23.45
794,3540,曜越,16.9,23.42
795,4807,日成-KY,10.1,23.42
796,3056,總太,49.4,23.39
797,5603,陸海,19.5,23.39
798,8905,裕國,27,23.38
799,8284,三竹,10.8,23.35
800,6593,台灣銘板,4.74,23.34
801,3684,榮昌,5.73,23.3
802,1515,力山,42.5,23.28
803,2483,百容,25.5,23.27
804,3045,台灣大,733,23.23
805,8444,綠河-KY,20.5,23.21
806,3652,精聯,17.4,23.19
807,9930,中聯資源,59.8,23.18
808,6292,迅德,10.8,23.16
809,1522,堤維西,81.9,23.07
810,3029,零壹,35.5,23.04
811,4952,凌通,25,22.99
812,1784,訊聯,13.2,22.98
813,1342,八貫,15.6,22.93
814,3374,精材,62.2,22.91
815,1109,信大,98.5,22.9
816,1604,聲寶,86.6,22.9
817,6776,展碁國際,20.4,22.89
818,2002,中鋼,3870.0,22.88
819,1313,聯成,299,22.84
820,6532,瑞耘,8.25,22.84
821,5281,大峽谷-KY,8.45,22.8
822,2905,三商,472,22.79
823,6112,聚碩,44.6,22.78
824,1521,大億,17.3,22.75
825,5878,台名,5.69,22.74
826,3221,台嘉碩,23.9,22.71
827,3550,聯穎,19.4,22.71
828,4440,宜新實業,15.3,22.66
829,8183,精星,27.2,22.65
830,5007,三星,68.7,22.61
831,3490,單井,12.9,22.6
832,6141,柏承,28,22.56
833,6590,普鴻,5.15,22.56
834,1231,聯華食,45.7,22.55
835,1760,寶齡富錦,19.3,22.55
836,1423,利華,31.1,22.49
837,6470,宇智,7.32,22.47
838,4945,陞達科技,6.75,22.46
839,2450,神腦,58.1,22.45
840,4923,力士,5.48,22.45
841,1541,錩泰,17.7,22.44
842,4429,聚紡,7.68,22.4
843,4401,東隆興,27.5,22.39
844,6231,系微,8.51,22.37
845,1409,新纖,463,22.36
846,6108,競國,35.7,22.34
847,8390,金益鼎,27.1,22.32
848,4545,銘鈺,17.1,22.25
849,1418,東華,12.1,22.24
850,6548,長科*,84.1,22.24
851,2420,新巨,34.3,22.23
852,2340,台亞,97,22.2
853,1752,南光,22.4,22.18
854,1203,味王,62.5,22.17
855,2885,元大金,2891.0,22.17
856,3645,達邁,29,22.16
857,6242,立康,4.92,22.16
858,8289,泰藝,15.1,22.16
859,6208,日揚,30,22.1
860,8450,霹靂,11.4,22.1
861,6492,生華科,19.7,22.05
862,8089,康全電訊,12.6,22.05
863,2903,遠百,398,22.04
864,5213,亞昕,89.1,22.03
865,3402,漢科,16.1,22.02
866,8420,明揚,11.2,22.02
867,1618,合機,42.4,22.01
868,8438,昶昕,13.7,22.01
869,8147,正淩,6.73,21.99
870,6612,奈米醫材,8.21,21.98
871,3541,西柏,12.4,21.97
872,3032,偉訓,36,21.96
873,2374,佳能,66.2,21.95
874,3178,公準,10.2,21.95
875,2501,國建,263,21.94
876,6547,高端疫苗,46.8,21.94
877,1786,科妍,14.5,21.9
878,3577,泓格,11.6,21.9
879,5457,宣德,80.8,21.88
880,9931,欣高,24.6,21.85
881,2103,台橡,201,21.83
882,2477,美隆電,46.3,21.8
883,2417,圓剛,41.9,21.78
884,6594,展匯科,6.38,21.77
885,2855,統一證,318,21.76
886,2221,大甲,9.74,21.75
887,4550,長佳,8.23,21.74
888,8455,大拓-KY,6.84,21.74
889,9933,中鼎,206,21.74
890,5543,桓鼎-KY,13.4,21.72
891,2596,綠意,25.3,21.62
892,8431,匯鑽科,10.9,21.59
893,6721,信實,4.31,21.57
894,2891,中信金,4526.0,21.53
895,6514,芮特-KY,6.46,21.52
896,1526,日馳,12.9,21.48
897,2464,盟立,42.1,21.48
898,5347,世界,352,21.46
899,8462,柏文,16.6,21.39
900,8110,華東,112,21.38
901,1909,榮成,274,21.36
902,2493,揚博,24.4,21.32
903,6221,晉泰,15.3,21.32
904,1452,宏益,28.3,21.3
905,4432,銘旺實,10.8,21.3
906,6425,易發,9.29,21.3
907,1314,中石化,805,21.27
908,2353,宏碁,660,21.22
909,6198,凌泰,4.8,21.21
910,3556,禾瑞亞,13.7,21.2
911,6182,合晶,167,21.19
912,1614,三洋電,55.2,21.15
913,2034,允強,94,21.15
914,5601,台聯櫃,13.7,21.13
915,2368,金像電,114,21.09
916,8996,高力,18.8,21.09
917,2352,佳世達,662,21.08
918,3591,艾笛森,27.8,21.06
919,3594,磐儀,15.5,21.06
920,5011,久陽,20.4,21.05
921,6186,新潤,28.7,21.04
922,5489,彩富,21,21.02
923,5519,隆大,45.9,20.96
924,5244,弘凱,12.6,20.94
925,4976,佳凌,28.7,20.92
926,3092,鴻碩,19.3,20.91
927,1473,台南,30.5,20.89
928,3060,銘異,29.1,20.86
929,6104,創惟,18.9,20.86
930,2436,偉詮電,36.7,20.83
931,5608,四維航,70.2,20.81
932,4105,東洋,57.7,20.78
933,3055,蔚華科,26.4,20.76
934,2344,華邦電,900,20.71
935,3444,利機,8.07,20.64
936,2106,建大,187,20.6
937,8048,德勝,11.2,20.58
938,1457,宜進,78.9,20.55
939,9910,豐泰,199,20.54
940,1539,巨庭,13.4,20.53
941,1216,統一,1810.0,20.52
942,3630,新鉅科,37.8,20.52
943,5706,鳳凰,14,20.51
944,3114,好德,12.1,20.5
945,3704,合勤控,92.2,20.5
946,5220,萬達光電,8.13,20.49
947,1785,光洋科,124,20.47
948,4542,科嶠,6.67,20.47
949,4106,雃博,20.6,20.41
950,5009,榮剛,95.1,20.35
951,3226,至寶電,13.1,20.34
952,6166,凌華,44.2,20.32
953,4205,中華食,18,20.3
954,3356,奇偶,18.3,20.27
955,5015,華祺,12.3,20.25
956,3512,皇龍,17,20.24
957,1309,台達化,76.6,20.23
958,2937,集雅社,7.4,20.2
959,6270,倍微,14.6,20.2
960,4908,前鼎,15.8,20.19
961,1336,台翰,15.5,20.09
962,8926,台汽電,120,20.09
963,3580,友威科,7.78,20.08
964,4554,橙的,4.29,20.07
965,6179,亞通,18.2,20.07
966,3537,堡達,10.7,20.04
967,6697,東捷資訊,5.48,20.04
968,9926,新海,36,20.04
969,9946,三發地產,65.4,20.04
970,1531,高林股,36.5,20.03
971,4563,百德,11,20.03
972,4133,亞諾法,12.1,20.01
973,4904,遠傳,661,19.99
974,6204,艾華,4.61,19.96
975,6741,91APP*-KY,24.1,19.96
976,4744,皇將,8.87,19.93
977,3709,鑫聯大投控,20.1,19.92
978,2939,凱羿-KY,9.08,19.91
979,6251,定穎,55.2,19.89
980,6578,達邦蛋白,6.74,19.89
981,2038,海光,39.1,19.87
982,3206,志豐,11.7,19.87
983,1227,佳格,185,19.86
984,3363,上詮,17.5,19.84
985,6790,永豐實,53.4,19.82
986,6158,禾昌,10.9,19.8
987,5438,東友,22.2,19.76
988,6680,鑫創電子,3.64,19.76
989,4526,東台,56.3,19.74
990,6175,立敦,34,19.73
991,1337,再生-KY,53,19.71
992,1810,和成,73.6,19.71
993,6229,研通,7.02,19.71
994,1236,宏亞,21.3,19.65
995,4956,光鋐,19.7,19.65
996,2453,凌群,19.7,19.64
997,3564,其陽,11.6,19.61
998,8928,鉅明,9.96,19.59
999,8921,沈氏,9.12,19.58
1000,6151,晉倫,10.8,19.57
1001,1717,長興,247,19.54
1002,5481,新華,13.9,19.53
1003,6020,大展證,49.2,19.49
1004,6419,京晨科,2.57,19.48
1005,2206,三陽工業,168,19.45
1006,3338,泰碩,17.1,19.44
1007,1586,和勤,16.2,19.43
1008,2485,兆赫,64.1,19.4
1009,3511,矽瑪,22.2,19.4
1010,2731,雄獅,16.3,19.39
1011,8936,國統,67.4,19.35
1012,4111,濟生,11,19.32
1013,3607,谷崧,23.6,19.3
1014,2415,錩新,26.2,19.29
1015,3033,威健,80.2,19.29
1016,3437,榮創,27.9,19.29
1017,2402,毅嘉,57.3,19.27
1018,8011,台通,35.9,19.27
1019,5272,笙科,10.6,19.26
1020,1307,三芳,76.5,19.23
1021,4768,晶呈科技,7.29,19.22
1022,1305,華夏,118,19.21
1023,6220,岳豐,25.4,19.19
1024,6282,康舒,105,19.14
1025,2748,雲品,17.3,19.1
1026,8107,大億金茂,14.4,19.04
1027,2820,華票,256,19.03
1028,8415,大國鋼,196,19
1029,3303,岱稜,17.9,18.98
1030,5206,坤悅,29.6,18.98
1031,1626,艾美特-KY,27.6,18.94
1032,4706,大恭,15,18.94
1033,2455,全新,35,18.9
1034,3224,三顧,29.6,18.9
1035,4995,晶達,7.9,18.86
1036,6770,力積電,666,18.84
1037,4527,方土霖,15.3,18.82
1038,6124,業強,34.9,18.81
1039,8404,百和興業-KY,59.3,18.81
1040,2509,全坤建,45.3,18.8
1041,4305,世坤,10.3,18.79
1042,4728,雙美,10.2,18.79
1043,5864,致和證,47.3,18.77
1044,1587,吉茂,12.9,18.75
1045,2425,承啟,20.6,18.74
1046,2331,精英,105,18.73
1047,2467,志聖,30.5,18.67
1048,4711,永純,11.4,18.67
1049,6171,大城地產,16.2,18.66
1050,6743,安普新,27.6,18.66
1051,4556,旭然,7.82,18.65
1052,2838,聯邦銀,659,18.64
1053,2506,太設,85.8,18.63
1054,8234,新漢,28.4,18.63
1055,2414,精技,40.6,18.62
1056,6570,維田,5.6,18.61
1057,1456,怡華,17.4,18.59
1058,1802,台玻,578,18.58
1059,2913,農林,147,18.58
1060,4561,健椿,10.9,18.58
1061,3219,倚強科,14.8,18.46
1062,3209,全科,39.1,18.44
1063,6698,旭暉應材,17,18.44
1064,4721,美琪瑪,13.8,18.42
1065,1608,華榮,90.1,18.39
1066,1416,廣豐,34.8,18.38
1067,6161,捷波,13.8,18.38
1068,6207,雷科,15.5,18.38
1069,2486,一詮,42.5,18.35
1070,1796,金穎生技,7.48,18.33
1071,6209,今國光,31.9,18.31
1072,5512,力麒,174,18.3
1073,8374,羅昇,20.5,18.29
1074,2390,云辰,39.1,18.27
1075,5515,建國,47,18.27
1076,2489,瑞軒,141,18.25
1077,6177,達麗,72.1,18.22
1078,2888,新光金,2634.0,18.21
1079,5258,虹堡,16.9,18.2
1080,2241,艾姆勒,16.3,18.18
1081,2504,國產,225,18.18
1082,2916,滿心,9.92,18.17
1083,6509,聚和,31.4,18.15
1084,2462,良得電,25.7,18.11
1085,6123,上奇,13.2,18.11
1086,2756,聯發國際,2.8,18.08
1087,5464,霖宏,12.8,18.05
1088,6021,美好證,55.9,18.04
1089,4532,瑞智,104,18.01
1090,6216,居易,15.8,18
1091,2706,第一店,89.9,17.97
1092,3294,英濟,23.9,17.97
1093,6662,樂斯科,4.6,17.97
1094,4155,訊映,17,17.95
1095,6596,寬宏藝術,5.38,17.93
1096,8028,昇陽半導體,25.2,17.93
1097,1410,南染,11.8,17.92
1098,2009,第一銅,64.4,17.92
1099,3518,柏騰,14.2,17.9
1100,1615,大山,24.6,17.88
1101,4510,高鋒,19.4,17.88
1102,3257,虹冠電,14.2,17.84
1103,6005,群益證,415,17.84
1104,2849,安泰銀,348,17.8
1105,4707,磐亞,58.3,17.76
1106,1712,興農,75.1,17.72
1107,6735,美達科技,6.24,17.72
1108,8064,東捷,31.4,17.72
1109,2926,誠品生活,8.49,17.7
1110,2030,彰源,49.5,17.66
1111,2611,志信,32.7,17.64
1112,4989,榮科,24.3,17.62
1113,9918,欣天然,31.3,17.6
1114,6215,和椿,14.6,17.59
1115,3048,益登,43.1,17.58
1116,3380,明泰,124,17.58
1117,1733,五鼎,17.5,17.54
1118,2035,唐榮,61.4,17.53
1119,6275,元山,12.1,17.5
1120,2010,春源,119,17.48
1121,2718,晶悅,12.7,17.46
1122,1813,寶利徠,8.38,17.45
1123,2421,建準,43.7,17.4
1124,5516,雙喜,7.2,17.4
1125,1718,中纖,718,17.39
1126,5211,蒙恬,5.7,17.39
1127,1815,富喬,74.5,17.38
1128,3567,逸昌,5.9,17.38
1129,5880,合庫金,2429.0,17.37
1130,2892,第一金,2245.0,17.32
1131,1742,台蠟,13.9,17.31
1132,1809,中釉,33.8,17.28
1133,6116,彩晶,507,17.28
1134,9937,全國,53.6,17.26
1135,2471,資通,8.19,17.25
1136,2461,光群雷,42.7,17.22
1137,2401,凌陽,126,17.2
1138,3176,基亞,64.3,17.18
1139,4121,優盛,17.8,17.14
1140,4306,炎洲,110,17.14
1141,6026,福邦證,55.2,17.14
1142,4558,寶緯,7.55,17.13
1143,2063,世鎧,7.7,17.11
1144,8096,擎亞,24.8,17.1
1145,2064,晉椿,11.8,17.06
1146,1808,潤隆,66.8,17.02
1147,6243,迅杰,7.53,16.99
1148,5523,豐謙,26.4,16.96
1149,8074,鉅橡,14.1,16.95
1150,4907,富宇,20,16.93
1151,8049,晶采,20,16.91
1152,2722,夏都,20.1,16.9
1153,3631,晟楠,17,16.89
1154,9940,信義,126,16.88
1155,1570,力肯,8.66,16.82
1156,4153,鈺緯,9.86,16.81
1157,3118,進階,5.45,16.79
1158,3031,佰鴻,30.3,16.78
1159,2423,固緯,24.3,16.77
1160,3466,致振,10.2,16.77
1161,5386,青雲,4.16,16.77
1162,2701,萬企,75.4,16.76
1163,1440,南紡,280,16.74
1164,5525,順天,43.5,16.74
1165,8931,大汽電,20.4,16.72
1166,6163,華電網,21.6,16.71
1167,8066,來思達,6.62,16.71
1168,6558,興能高,15.7,16.69
1169,2023,燁輝,329,16.66
1170,3162,精確,18.2,16.59
1171,3441,聯一光,6.73,16.59
1172,6624,萬年清,2.98,16.58
1173,8929,富堡,8.84,16.58
1174,3062,建漢,54.5,16.57
1175,5102,富強,10.6,16.55
1176,6156,松上,17.3,16.54
1177,2618,長榮航,927,16.52
1178,4113,聯上,34.9,16.52
1179,6122,擎邦,11.7,16.51
1180,8088,品安,10,16.48
1181,5490,同亨,15.3,16.46
1182,2468,華經,11.5,16.42
1183,4939,亞電,16.1,16.4
1184,1517,利奇,38,16.37
1185,6155,鈞寶,14.2,16.36
1186,2371,大同,254,16.35
1187,2801,彰銀,1715.0,16.35
1188,8401,白紗科,9.81,16.35
1189,8917,欣泰,24.1,16.33
1190,3086,華義,3.16,16.31
1191,5432,新門,3.37,16.3
1192,2020,美亞,36.2,16.27
1193,6154,順發,13,16.24
1194,1734,杏輝,30.8,16.23
1195,2887,台新金,1981.0,16.22
1196,3016,嘉晶,46.1,16.21
1197,6168,宏齊,35.1,16.2
1198,8105,凌巨,71.5,16.19
1199,3050,鈺德,26.9,16.13
1200,3041,揚智,30.9,16.11
1201,3581,博磊,9.37,16.1
1202,1233,天仁,14.6,16.09
1203,1711,永光,91.1,16.08
1204,6015,宏遠證,53.3,16.08
1205,1713,國化,24.3,16.07
1206,3390,旭軟,10.8,16.05
1207,4754,國碳科,4,15.99
1208,1709,和益,79,15.98
1209,8099,大世科,14.2,15.98
1210,1442,名軒,58.5,15.96
1211,3164,景岳,15.2,15.94
1212,3663,鑫科,11.7,15.94
1213,1474,弘裕,20.9,15.93
1214,2356,英業達,564,15.91
1215,3297,杭特,5.74,15.91
1216,6266,泰詠,16.3,15.91
1217,2883,開發金,2931.0,15.88
1218,3205,佰研,5.32,15.88
1219,3489,森寶,13.2,15.83
1220,4114,健喬,61,15.83
1221,6512,啟發電,3.96,15.83
1222,8071,能率網通,10.8,15.83
1223,1466,聚隆,17.6,15.8
1224,8070,長華*,147,15.8
1225,9960,邁達康,5.31,15.8
1226,2511,太子,258,15.79
1227,4426,利勤,27.3,15.79
1228,1225,福懋油,38.7,15.73
1229,8215,明基材,51.6,15.73
1230,2014,中鴻,226,15.72
1231,2369,菱生,61,15.72
1232,6218,豪勉,10.1,15.69
1233,1514,亞力,36.1,15.67
1234,2323,中環,184,15.63
1235,3362,先進光,20.7,15.62
1236,1465,偉全,16.2,15.61
1237,1438,三地開發,11.1,15.59
1238,2442,新美齊,43.9,15.58
1239,2457,飛宏,58.4,15.58
1240,6446,藥華藥,42.5,15.57
1241,6183,關貿,23.3,15.56
1242,6248,沛波,7.11,15.54
1243,2867,三商壽,414,15.52
1244,4960,誠美材,105,15.5
1245,5014,建錩,25.7,15.4
1246,1609,大亞,115,15.37
1247,3597,映興,6,15.36
1248,8489,三貝德,9.8,15.35
1249,1258,其祥-KY,5.65,15.34
1250,5351,鈺創,42.4,15.34
1251,2367,燿華,94.9,15.33
1252,5353,台林,11.5,15.33
1253,3027,盛達,15.6,15.3
1254,2641,正德,28.8,15.25
1255,8443,阿瘦,10.2,15.24
1256,2634,漢翔,143,15.21
1257,2880,華南金,2007.0,15.21
1258,5443,均豪,29.1,15.2
1259,4994,傳奇,16.8,15.19
1260,4716,大立,11,15.16
1261,3492,長盛,5.38,15.14
1262,1110,東泥,87.1,15.13
1263,3052,夆典,30.8,15.13
1264,1540,喬福,12.9,15.11
1265,1731,美吾華,20.1,15.09
1266,2017,官田鋼,61.6,15.08
1267,4533,協易機,23.9,15.06
1268,6240,松崗,3.44,15.05
1269,5410,國眾,13.1,15.02
1270,8440,綠電,5.71,15.02
1271,3360,尚立,10.3,15.01
1272,1806,冠軍,65,14.98
1273,6170,統振,15.4,14.97
1274,8463,潤泰材,25,14.96
1275,8171,天宇,8.77,14.94
1276,1776,展宇,11.7,14.93
1277,6016,康和證,89.3,14.93
1278,8024,佑華,6.74,14.93
1279,2515,中工,229,14.92
1280,8930,青鋼,12,14.9
1281,4523,永彰,9.52,14.88
1282,5321,美而快,7.49,14.88
1283,1710,東聯,160,14.87
1284,2012,春雨,46.7,14.86
1285,3266,昇陽,56.6,14.86
1286,5315,光聯,15.8,14.86
1287,1783,和康生,11.4,14.83
1288,2426,鼎元,45,14.83
1289,2342,茂矽,23.4,14.82
1290,2008,高興昌,29.7,14.79
1291,3354,律勝,10.3,14.75
1292,4916,事欣科,12.1,14.75
1293,6506,雙邦,12.7,14.72
1294,2495,普安,40.3,14.71
1295,1414,東和,32.3,14.69
1296,2836,高雄銀,177,14.69
1297,2743,山富,4.7,14.68
1298,8927,北基,37.8,14.65
1299,2413,環科,18.6,14.64
1300,2419,仲琦,53.1,14.63
1301,2906,高林,57.2,14.63
1302,8923,時報,4.44,14.61
1303,3171,新洲,9,14.6
1304,1568,倉佑,14.9,14.55
1305,5465,富驊,25.1,14.55
1306,2884,玉山金,1944.0,14.54
1307,3122,笙泉,5.57,14.54
1308,2460,建通,24.1,14.5
1309,5906,台南-KY,5.28,14.49
1310,3609,三一東林,4.44,14.48
1311,9955,佳龍,14.9,14.46
1312,4702,中美實,10.5,14.45
1313,2890,永豐金,1628.0,14.44
1314,9934,成霖,51.7,14.44
1315,1735,日勝化,14.3,14.41
1316,3290,東浦,14.3,14.41
1317,2537,聯上發,43.3,14.4
1318,3013,晟銘電,22.4,14.38
1319,1218,泰山,69.9,14.37
1320,2028,威致,46.8,14.36
1321,2434,統懋,5.3,14.34
1322,7402,邑錡,3.47,14.34
1323,4142,國光生,64.3,14.32
1324,2358,廷鑫,17.8,14.31
1325,4161,聿新科,6.95,14.3
1326,5514,三豐,28.5,14.3
1327,6235,華孚,24.7,14.29
1328,3188,鑫龍騰,17.2,14.27
1329,3236,千如,13.2,14.25
1330,3623,富晶通,4.16,14.25
1331,6603,富強鑫,22.7,14.25
1332,8426,紅木-KY,7.16,14.25
1333,6482,弘煜科,2.45,14.24
1334,1905,華紙,176,14.23
1335,2208,台船,133,14.21
1336,2491,吉祥全,20.9,14.2
1337,1417,嘉裕,26.9,14.14
1338,2845,遠東銀,497,14.14
1339,8111,立碁,15.5,14.14
1340,2332,友訊,90,14.13
1341,2726,雅茗-KY,5.19,14.12
1342,2465,麗臺,7.52,14.06
1343,8423,保綠-KY,3.39,14.06
1344,2007,燁興,74.5,14.05
1345,6573,虹揚-KY,11.8,14.03
1346,5212,凌網,4.94,13.99
1347,6190,萬泰科,24.6,13.99
1348,2812,台中銀,635,13.98
1349,8908,欣雄,31.3,13.98
1350,2904,匯僑,9.62,13.94
1351,4168,醣聯,13.6,13.94
1352,3285,微端,6.06,13.93
1353,4303,信立,9.47,13.93
1354,6185,幃翔,20.9,13.93
1355,1201,味全,70.5,13.92
1356,4931,新盛力,8.86,13.92
1357,6259,百徽,2.85,13.9
1358,5820,日盛金,533,13.89
1359,3128,昇銳,5.91,13.87
1360,3694,海華,20.9,13.86
1361,4529,淳紳,11.7,13.84
1362,6120,達運,92.1,13.84
1363,1453,大將,14,13.78
1364,3312,弘憶股,19,13.77
1365,2908,特力,69.8,13.76
1366,5452,佶優,22.1,13.76
1367,1455,集盛,73.1,13.75
1368,1219,福壽,44.7,13.72
1369,6125,廣運,47.5,13.72
1370,2910,統領,24,13.67
1371,4538,大詠城,6.9,13.67
1372,1611,中電,44,13.65
1373,2399,映泰,24.3,13.65
1374,3021,鴻名,12.7,13.65
1375,4174,浩鼎,38.7,13.65
1376,3038,全台,20.7,13.64
1377,6288,聯嘉,24,13.64
1378,1727,中華化,14.8,13.62
1379,5251,天鉞電,4.61,13.62
1380,1524,耿鼎,22.5,13.6
1381,1310,台苯,73.7,13.57
1382,2482,連宇,8.42,13.57
1383,8076,伍豐,36.1,13.55
1384,3707,漢磊,63.7,13.53
1385,9919,康那香,26.4,13.51
1386,8477,創業家,4.27,13.5
1387,2101,南港,112,13.49
1388,2538,基泰,63.2,13.48
1389,3083,網龍,11.9,13.47
1390,9902,台火,13.2,13.41
1391,1217,愛之味,74,13.39
1392,6174,安碁,6.69,13.39
1393,1220,台榮,25.9,13.33
1394,1519,華城,35.2,13.33
1395,1516,川飛,4.75,13.31
1396,6530,創威,4.49,13.31
1397,6661,威健生技,3.1,13.3
1398,1789,神隆,105,13.29
1399,2431,聯昌,14.7,13.28
1400,5276,達輝-KY,5.24,13.27
1401,1463,強盛,22.8,13.26
1402,6767,台微醫,3.86,13.26
1403,3232,昱捷,4.85,13.25
1404,2539,櫻花建,84.9,13.24
1405,1454,台富,16.2,13.23
1406,6542,隆中,6.32,13.23
1407,1617,榮星,19.4,13.2
1408,5426,振發,19,13.2
1409,3268,海德威,4.4,13.17
1410,2365,昆盈,29.5,13.16
1411,3296,勝德,12.7,13.16
1412,3071,協禧,15.3,13.15
1413,4160,創源,3.19,13.15
1414,2834,臺企銀,1017.0,13.13
1415,2032,新鋼,17.1,13.11
1416,5704,老爺知,5.08,13.07
1417,6418,詠昇,4.5,13.04
1418,3646,艾恩特,5.12,13.03
1419,3701,大眾控,45.2,13.02
1420,2889,國票金,442,13.01
1421,4207,環泰,29.2,13.01
1422,6535,順藥,21.2,12.99
1423,2033,佳大,10.5,12.97
1424,6693,廣閎科,5.26,12.93
1425,6625,必應,5.76,12.92
1426,2630,亞航,19.4,12.91
1427,8476,台境,9.32,12.86
1428,5201,凱衛,3.94,12.85
1429,2024,志聯,12.5,12.83
1430,2528,皇普,42.3,12.83
1431,3049,和鑫,109,12.83
1432,6649,台生材,4.23,12.8
1433,3094,聯傑,10.5,12.79
1434,4130,健亞,13.8,12.78
1435,6140,訊達,4.91,12.78
1436,4562,穎漢,11.2,12.76
1437,4714,永捷,38.7,12.76
1438,6199,天品,8,12.75
1439,1449,佳和,14.7,12.73
1440,2329,華泰,93.5,12.72
1441,3230,錦明,9.04,12.72
1442,6165,浪凡,6.73,12.67
1443,2061,風青,5.87,12.66
1444,5460,同協,7.44,12.66
1445,3672,康聯訊,3.92,12.64
1446,1324,地球,9.49,12.63
1447,1721,三晃,23.3,12.61
1448,6126,信音,20,12.61
1449,1445,大宇,16.5,12.6
1450,3067,全域,2.52,12.6
1451,6130,星寶國際,4.73,12.6
1452,1591,駿吉-KY,4.11,12.58
1453,1714,和桐,166,12.58
1454,4183,福永生技,2.99,12.57
1455,1467,南緯,31.1,12.56
1456,6616,特昇-KY,3.69,12.53
1457,3349,寶德,4.26,12.52
1458,9907,統一實,209,12.51
1459,2610,華航,772,12.47
1460,2547,日勝生,116,12.46
1461,4726,永昕,19.1,12.43
1462,6233,旺玖,9.89,12.43
1463,3379,彬台,4.72,12.4
1464,2427,三商電,22.9,12.39
1465,3372,典範,21.7,12.39
1466,6283,淳安,20.3,12.39
1467,6134,萬旭,9.97,12.3
1468,3535,晶彩科,9.71,12.29
1469,4911,德英,6.83,12.28
1470,4720,德淵,13.4,12.26
1471,3339,泰谷,6.31,12.23
1472,8097,常珵,4.88,12.22
1473,6219,富旺,18.8,12.2
1474,2364,倫飛,2.86,12.15
1475,4102,永日,5.76,12.13
1476,1464,得力,54,12.1
1477,1529,樂士,16.5,12.08
1478,2633,台灣高鐵,678,12.04
1479,9962,有益,10.9,12.04
1480,2897,王道銀行,552,12.02
1481,9935,慶豐富,20.2,12
1482,6148,驊宏資,5.46,11.97
1483,3051,力特,20.3,11.96
1484,6117,迎廣,10.6,11.92
1485,2601,益航,133,11.9
1486,5450,南良,14.5,11.85
1487,3685,元創精密,13.4,11.84
1488,2614,東森,66.6,11.8
1489,3207,耀勝,5.05,11.78
1490,3073,天方能源,3.56,11.77
1491,3419,譁裕,14.2,11.76
1492,2497,怡利電,13.9,11.74
1493,1470,大統新創,10.1,11.73
1494,6276,安鈦克,3.7,11.73
1495,8932,宏大,7.04,11.72
1496,5905,南仁湖,24.9,11.71
1497,2901,欣欣,8.55,11.7
1498,3322,建舜電,12.2,11.68
1499,8047,星雲,4.86,11.68
1500,9906,欣巴巴,9.74,11.68
1501,4406,新昕纖,6.06,11.67
1502,4147,中裕,29.4,11.66
1503,2530,華建,86.4,11.65
1504,6265,方土昶,13.8,11.65
1505,3002,歐格,13,11.62
1506,3287,廣寰科,5.7,11.59
1507,5364,力麗店,3.67,11.57
1508,2102,泰豐,53.1,11.55
1509,3089,億杰,7.54,11.53
1510,3555,重鵬,2.97,11.52
1511,4502,健信,6.74,11.52
1512,6443,元晶,51.3,11.51
1513,6461,益得,13.4,11.5
1514,1108,幸福,46.5,11.48
1515,8034,榮群,7.18,11.48
1516,6160,欣技,7.86,11.46
1517,1447,力鵬,106,11.45
1518,1732,毛寶,4.86,11.45
1519,6118,建達,10.4,11.42
1520,3434,哲固,2.59,11.41
1521,2745,五福,3.34,11.4
1522,1528,恩德,22.9,11.38
1523,5398,慕康生醫,5.63,11.38
1524,3025,星通,8.06,11.37
1525,5902,德記,10.7,11.37
1526,1444,力麗,119,11.36
1527,2712,遠雄來,11.9,11.35
1528,8906,花王,3.65,11.35
1529,4503,金雨,4.44,11.32
1530,5202,力新,7.84,11.26
1531,1584,精剛,13.7,11.19
1532,6576,逸達,13.2,11.19
1533,1316,上曜,54,11.16
1534,3325,旭品,10.2,11.15
1535,3066,李洲,10.6,11.14
1536,1446,宏和,15.3,11.13
1537,3228,金麗科,7.52,11.09
1538,6164,華興,11.2,11.05
1539,6598,ABC-KY,9.03,11.05
1540,8040,九暘,7.6,11.03
1541,6246,臺龍,4.09,11.02
1542,2230,泰茂,4.72,10.99
1543,2312,金寶,259,10.98
1544,5531,鄉林,115,10.98
1545,3047,訊舟,28.6,10.97
1546,8222,寶一,7.51,10.96
1547,4139,馬光-KY,5.29,10.95
1548,3284,太普高,7.54,10.93
1549,2109,華豐,44.7,10.9
1550,4804,大略-KY,5.1,10.89
1551,1459,聯發,34.5,10.88
1552,4534,慶騰,9.43,10.87
1553,2302,麗正,18,10.81
1554,3054,立萬利,8.7,10.79
1555,8201,無敵,6.71,10.76
1556,3276,宇環,8.9,10.75
1557,5521,工信,52.8,10.73
1558,2305,全友,22.2,10.72
1559,3508,位速,10.1,10.7
1560,3625,西勝,11,10.69
1561,8418,捷必勝-KY,8.7,10.68
1562,2243,宏旭-KY,4.91,10.65
1563,6465,威潤,3.4,10.65
1564,8085,福華,14.9,10.65
1565,1475,業旺,7.02,10.63
1566,6127,九豪,11.5,10.63
1567,1443,立益,11.8,10.56
1568,4513,福裕,8.11,10.55
1569,2405,浩鑫,36.3,10.47
1570,4167,松瑞藥,33.1,10.45
1571,6133,金橋,12.2,10.44
1572,5498,凱崴,20.1,10.39
1573,3499,環天科,5.69,10.35
1574,6226,光鼎,12.9,10.33
1575,2466,冠西電,16.7,10.31
1576,5328,華容,17.8,10.31
1577,3234,光環,7.93,10.3
1578,3520,華盈,7.86,10.26
1579,2911,麗嬰房,19.4,10.25
1580,3024,憶聲,28.4,10.23
1581,4109,加捷生醫,9.35,10.21
1582,6129,普誠,19.8,10.14
1583,2406,國碩,73.4,10.12
1584,1460,宏遠,68.2,10.11
1585,2440,太空梭,14.1,10.11
1586,4979,華星光,13.4,10.09
1587,6113,亞矽,5.01,10.01
1588,4108,懷特,23.9,9.97
1589,2543,皇昌,25.6,9.95
1590,3313,斐成,11.8,9.92
1591,5484,慧友,5.29,9.9
1592,9949,琉園,4.35,9.88
1593,9929,秋雨,10.8,9.83
1594,2438,翔耀,8.25,9.78
1595,3202,樺晟,20,9.78
1596,8059,凱碩,18.4,9.77
1597,4414,如興,85.2,9.68
1598,8409,商之器,3.1,9.68
1599,6167,久正,15.5,9.58
1600,3058,立德,15,9.54
1601,8937,合騏,6.9,9.51
1602,6142,友勁,31.3,9.46
1603,3308,聯德,6.65,9.43
1604,6101,寬魚國際,10.8,9.42
1605,6431,光麗-KY,7.42,9.42
1606,4924,欣厚-KY,3.5,9.41
1607,4413,飛寶企業,2.94,9.4
1608,5340,建榮,18.3,9.4
1609,6144,得利影,3.58,9.36
1610,5488,松普,8.55,9.34
1611,3576,聯合再生,158,9.3
1612,8935,邦泰,7.84,9.3
1613,4154,樂威科-KY,3.98,9.28
1614,6109,亞元,5.44,9.19
1615,2067,嘉鋼,5.08,9.11
1616,4188,安克,5.79,9.07
1617,4127,天良,4.14,9.05
1618,6244,茂迪,32.9,9.05
1619,3046,建碁,6.48,8.99
1620,3057,喬鼎,8.04,8.99
1621,3229,晟鈦,2.85,8.97
1622,1435,中福,12.5,8.96
1623,3011,今皓,10.1,8.96
1624,8087,華鎂鑫,2.58,8.87
1625,5302,太欣,14.2,8.85
1626,3259,鑫創,6.51,8.71
1627,4946,辣椒,1.19,8.71
1628,1413,宏洲,11.5,8.68
1629,1432,大魯閣,7.68,8.66
1630,2314,台揚,19.6,8.61
1631,6733,博晟生醫,9.43,8.61
1632,2444,兆勁,8.72,8.59
1633,3629,地心引力,2.98,8.49
1634,3521,鴻翊,4.05,8.45
1635,4729,熒茂,10.9,8.43
1636,5210,寶碩,5.23,8.41
1637,1616,億泰,15.9,8.4
1638,2349,錸德,105,8.4
1639,1472,三洋實業,2.1,8.39
1640,8940,新天地,6.5,8.38
1641,5455,昇益,5.43,8.29
1642,5227,立凱-KY,4.97,8.28
1643,6152,百一,13.8,8.16
1644,3664,安瑞-KY,3.99,8.12
1645,9912,偉聯,4.21,8.11
1646,8068,全達,5.53,8.05
1647,5475,德宏,10.2,8.03
1648,8176,智捷,6.06,8.03
1649,2516,新建,18.1,8.02
1650,1781,合世,3.78,7.98
1651,6541,泰福-KY,27.9,7.93
1652,3713,新晶投控,6.21,7.83
1653,6247,淇譽電,4.71,7.81
1654,1213,大飲,4.42,7.8
1655,5355,佳總,13.2,7.79
1656,4943,康控-KY,13.1,7.76
1657,5309,系統電,12.1,7.75
1658,5529,鉅陞,9.6,7.74
1659,5383,金利,8.03,7.61
1660,8092,建暐,2.94,7.58
1661,4950,牧東,3.52,7.54
1662,4934,太極,18.1,7.53
1663,6264,富裔,9.08,7.49
1664,5324,士開,17.7,7.41
1665,1441,大東,8.21,7.4
1666,3710,連展投控,18.4,7.39
1667,4304,勝昱,2.66,7.39
1668,6241,易通展,2.49,7.38
1669,1468,昶和,12.1,7.33
1670,8121,越峰,19.4,7.3
1671,5703,亞都,5.11,7.27
1672,2022,聚亨,63.2,7.22
1673,8421,旭源,4.9,7.21
1674,2739,寒舍,8.02,7.19
1675,6222,上揚,2.9,7.14
1676,8038,長園科,4.78,7.09
1677,3523,迎輝,4.39,7.03
1678,5468,凱鈺,1.94,6.96
1679,3149,正達,14.3,6.94
1680,5310,天剛,2.01,6.94
1681,5344,立衛,5.5,6.92
1682,1471,首利,10.3,6.82
1683,2429,銘旺科,3.17,6.81
1684,3682,亞太電,294,6.81
1685,8277,商丞,6.65,6.79
1686,3686,達能,7.65,6.74
1687,8933,愛地雅,20,6.67
1688,3593,力銘,6.15,6.61
1689,6169,昱泉,1.52,6.5
1690,2424,隴華,2.16,6.35
1691,2734,易飛網,2.52,6.34
1692,4903,聯光通,6.4,6.32
1693,8033,雷虎,9.66,6.23
1694,4402,福大,2.82,6.14
1695,1805,寶徠,5.96,5.95
1696,4131,晶宇,1.17,5.9
1697,3494,誠研,10.4,5.88
1698,8067,志旭,1.75,5.8
1699,1506,正道,10.9,5.77
1700,6228,全譜,2.28,5.69
1701,3115,寶島極,2.48,5.67
1702,4530,宏易,2.84,5.47
1703,2924,東凌-KY,1.79,5.46
1704,8093,保銳,3.49,5.43
1705,3321,同泰,8.44,5.41
1706,1799,易威,9.12,5.35
1707,5301,寶得利,5.49,5.29
1708,2380,虹光,10,5.22
1709,3522,御頂,3.71,5.21
1710,8084,巨虹,3.75,5.19
1711,6291,沛亨,2.07,5.01
1712,5348,系通,1.36,4.68
1713,2724,富驛-KY,2.72,4.57
1714,8077,洛碁,4.9,4.47
1715,5381,合正,7.2,4
1716,3288,點晶,0.88,3.94
1717,4192,杏國,4.43,3.85
1718,4609,唐鋒,1.83,3.81
1719,3642,駿熠電,1.6,3.73
1720,3018,同開,2.71,3.7
1721,4806,昇華,1.72,3.49
1722,3632,研勤,1.74,3.48
1723,8291,尚茂,1.64,3.46
1724,9928,中視,4.34,2.88
1725,5314,世紀,1.64,2.74
1726,2443,昶虹,4.06,2.6
1727,3064,泰偉,0.9,2.6
1728,2025,千興,6.99,2.49
1729,2321,東訊,4.79,2.4
1730,6236,康呈,0.72,2.26
1731,9950,萬國通,3.34,2.26
1732,3191,和進,1.25,2.19
1733,4944,兆遠,1.93,2.14
1734,4419,元勝,1.17,1.99
1735,8101,華冠,4.11,1.97
1736,3085,新零售,0.93,1.93
1737,5701,劍湖山,5.71,1.93
1738,5345,天揚,0.89,1.87
1739,4157,太景*-KY,12.5,1.75
1740,2740,天蔥,0.23,1.72
1741,6103,合邦,1.37,1.53
1742,2719,燦星旅,0.5,1.47
1743,3383,新世紀,0.97,1.38
1744,1538,正峰,0.34,1.28
1745,5205,中茂,0.09,1.05
1746,4712,南璋,0.76,1.03
1747,6404,通訊-KY,0.11,0.77
1748,4198,欣大健康,0.94,0.68
1749,3043,科風,1,0.67
1750,3536,誠創,1.29,0.51
1751,3095,及成,0.53,0.48
1752,6287,元隆,1.88,0.43
1753,1512,瑞利,0.75,0.3
1754,6225,天瀚,0.13,0.29
1755,6289,華上,0.01,0.01
